Algorithm,Size,Cycle,Time,Memory
RUNNING,1000000,0,0.20,16672
REVERSE,1000000,0,0.17,16652
POINTSELF,1000000,0,0.43,48544
RUNNING,1000000,0,0.20,16656
REVERSE,1000000,0,0.18,16652
POINTSELF,1000000,0,0.43,48544
RUNNING,1000000,0,0.17,16660
REVERSE,1000000,0,0.18,16660
POINTSELF,1000000,0,0.42,48536
RUNNING,1000000,0,0.17,16656
REVERSE,1000000,0,0.17,16656
POINTSELF,1000000,0,0.42,48548
RUNNING,1000000,0,0.17,16648
REVERSE,1000000,0,0.17,16652
POINTSELF,1000000,0,0.44,48540
RUNNING,1000000,100000,0.17,16656
REVERSE,1000000,100000,0.19,16656
POINTSELF,1000000,100000,0.46,48564
RUNNING,1000000,100000,0.18,16660
REVERSE,1000000,100000,0.18,16664
POINTSELF,1000000,100000,0.43,48536
RUNNING,1000000,100000,0.17,16656
REVERSE,1000000,100000,0.19,16656
POINTSELF,1000000,100000,0.46,48564
RUNNING,1000000,100000,0.17,16652
REVERSE,1000000,100000,0.19,16652
POINTSELF,1000000,100000,0.44,48552
RUNNING,1000000,100000,0.18,16652
REVERSE,1000000,100000,0.19,16652
POINTSELF,1000000,100000,0.43,48540
RUNNING,1000000,200000,0.17,16660
REVERSE,1000000,200000,0.18,16656
POINTSELF,1000000,200000,0.44,48540
RUNNING,1000000,200000,0.21,16656
REVERSE,1000000,200000,0.20,16660
POINTSELF,1000000,200000,0.56,48544
RUNNING,1000000,200000,0.42,16668
REVERSE,1000000,200000,0.24,16656
POINTSELF,1000000,200000,0.68,48548
RUNNING,1000000,200000,0.24,16660
REVERSE,1000000,200000,0.22,16644
POINTSELF,1000000,200000,0.52,48540
RUNNING,1000000,200000,0.28,16664
REVERSE,1000000,200000,0.18,16656
POINTSELF,1000000,200000,0.44,48548
RUNNING,1000000,300000,0.18,16656
REVERSE,1000000,300000,0.18,16660
POINTSELF,1000000,300000,0.46,48552
RUNNING,1000000,300000,0.18,16664
REVERSE,1000000,300000,0.19,16664
POINTSELF,1000000,300000,0.45,48544
RUNNING,1000000,300000,0.17,16648
REVERSE,1000000,300000,0.18,16652
POINTSELF,1000000,300000,0.45,48544
RUNNING,1000000,300000,0.18,16664
REVERSE,1000000,300000,0.18,16652
POINTSELF,1000000,300000,0.52,48548
RUNNING,1000000,300000,0.19,16648
REVERSE,1000000,300000,0.20,16656
POINTSELF,1000000,300000,0.45,48560
RUNNING,1000000,400000,0.19,16656
REVERSE,1000000,400000,0.20,16668
POINTSELF,1000000,400000,0.44,48552
RUNNING,1000000,400000,0.17,16660
REVERSE,1000000,400000,0.19,16656
POINTSELF,1000000,400000,0.44,48552
RUNNING,1000000,400000,0.17,16648
REVERSE,1000000,400000,0.19,16660
POINTSELF,1000000,400000,0.50,48536
RUNNING,1000000,400000,0.18,16660
REVERSE,1000000,400000,0.19,16648
POINTSELF,1000000,400000,0.54,48548
RUNNING,1000000,400000,0.18,16652
REVERSE,1000000,400000,0.24,16660
POINTSELF,1000000,400000,0.48,48560
RUNNING,1000000,500000,0.17,16648
REVERSE,1000000,500000,0.21,16656
POINTSELF,1000000,500000,0.45,48548
RUNNING,1000000,500000,0.17,16660
REVERSE,1000000,500000,0.18,16656
POINTSELF,1000000,500000,0.42,48552
RUNNING,1000000,500000,0.17,16668
REVERSE,1000000,500000,0.19,16664
POINTSELF,1000000,500000,0.44,48552
RUNNING,1000000,500000,0.19,16652
REVERSE,1000000,500000,0.26,16656
POINTSELF,1000000,500000,0.45,48544
RUNNING,1000000,500000,0.18,16656
REVERSE,1000000,500000,0.19,16660
POINTSELF,1000000,500000,0.44,48552
RUNNING,1000000,600000,0.17,16652
REVERSE,1000000,600000,0.19,16652
POINTSELF,1000000,600000,0.47,48540
RUNNING,1000000,600000,0.17,16656
REVERSE,1000000,600000,0.19,16660
POINTSELF,1000000,600000,0.44,48552
RUNNING,1000000,600000,0.17,16648
REVERSE,1000000,600000,0.18,16664
POINTSELF,1000000,600000,0.48,48556
RUNNING,1000000,600000,0.18,16660
REVERSE,1000000,600000,0.18,16660
POINTSELF,1000000,600000,0.43,48552
RUNNING,1000000,600000,0.17,16652
REVERSE,1000000,600000,0.20,16652
POINTSELF,1000000,600000,0.45,48556
RUNNING,1000000,700000,0.17,16656
REVERSE,1000000,700000,0.18,16660
POINTSELF,1000000,700000,0.43,48548
RUNNING,1000000,700000,0.17,16660
REVERSE,1000000,700000,0.18,16660
POINTSELF,1000000,700000,0.43,48552
RUNNING,1000000,700000,0.17,16652
REVERSE,1000000,700000,0.18,16652
POINTSELF,1000000,700000,0.43,48556
RUNNING,1000000,700000,0.17,16652
REVERSE,1000000,700000,0.18,16660
POINTSELF,1000000,700000,0.43,48548
RUNNING,1000000,700000,0.17,16652
REVERSE,1000000,700000,0.18,16656
POINTSELF,1000000,700000,0.44,48556
RUNNING,1000000,800000,0.19,16656
REVERSE,1000000,800000,0.17,16660
POINTSELF,1000000,800000,0.43,48536
RUNNING,1000000,800000,0.18,16660
REVERSE,1000000,800000,0.18,16656
POINTSELF,1000000,800000,0.44,48564
RUNNING,1000000,800000,0.17,16652
REVERSE,1000000,800000,0.18,16660
POINTSELF,1000000,800000,0.45,48540
RUNNING,1000000,800000,0.17,16656
REVERSE,1000000,800000,0.18,16652
POINTSELF,1000000,800000,0.43,48552
RUNNING,1000000,800000,0.17,16652
REVERSE,1000000,800000,0.18,16652
POINTSELF,1000000,800000,0.43,48548
RUNNING,1000000,900000,0.16,16664
REVERSE,1000000,900000,0.17,16656
POINTSELF,1000000,900000,0.42,48548
RUNNING,1000000,900000,0.18,16652
REVERSE,1000000,900000,0.18,16660
POINTSELF,1000000,900000,0.45,48552
RUNNING,1000000,900000,0.19,16660
REVERSE,1000000,900000,0.18,16668
POINTSELF,1000000,900000,0.43,48548
RUNNING,1000000,900000,0.17,16660
REVERSE,1000000,900000,0.17,16664
POINTSELF,1000000,900000,0.42,48548
RUNNING,1000000,900000,0.18,16656
REVERSE,1000000,900000,0.18,16660
POINTSELF,1000000,900000,0.41,48540
RUNNING,1000000,1000000,0.17,16672
REVERSE,1000000,1000000,0.17,16656
POINTSELF,1000000,1000000,0.43,48548
RUNNING,1000000,1000000,0.16,16656
REVERSE,1000000,1000000,0.18,16660
POINTSELF,1000000,1000000,0.43,48552
RUNNING,1000000,1000000,0.17,16660
REVERSE,1000000,1000000,0.17,16644
POINTSELF,1000000,1000000,0.42,48556
RUNNING,1000000,1000000,0.17,16660
REVERSE,1000000,1000000,0.17,16656
POINTSELF,1000000,1000000,0.42,48552
RUNNING,1000000,1000000,0.17,16652
REVERSE,1000000,1000000,0.17,16660
POINTSELF,1000000,1000000,0.51,48548
RUNNING,2000000,0,0.43,32520
REVERSE,2000000,0,0.35,32524
POINTSELF,2000000,0,0.84,96304
RUNNING,2000000,0,0.33,32516
REVERSE,2000000,0,0.34,32528
POINTSELF,2000000,0,0.84,96300
RUNNING,2000000,0,0.33,32520
REVERSE,2000000,0,0.34,32532
POINTSELF,2000000,0,0.85,96296
RUNNING,2000000,0,0.34,32536
REVERSE,2000000,0,0.34,32528
POINTSELF,2000000,0,0.91,96300
RUNNING,2000000,0,0.34,32524
REVERSE,2000000,0,0.33,32516
POINTSELF,2000000,0,0.84,96296
RUNNING,2000000,200000,0.34,32524
REVERSE,2000000,200000,0.36,32528
POINTSELF,2000000,200000,0.83,96288
RUNNING,2000000,200000,0.33,32512
REVERSE,2000000,200000,0.36,32532
POINTSELF,2000000,200000,0.88,96300
RUNNING,2000000,200000,0.34,32528
REVERSE,2000000,200000,0.36,32524
POINTSELF,2000000,200000,1.04,96300
RUNNING,2000000,200000,0.38,32516
REVERSE,2000000,200000,0.40,32524
POINTSELF,2000000,200000,1.21,96304
RUNNING,2000000,200000,0.36,32540
REVERSE,2000000,200000,0.37,32528
POINTSELF,2000000,200000,0.86,96300
RUNNING,2000000,400000,0.35,32520
REVERSE,2000000,400000,0.38,32532
POINTSELF,2000000,400000,0.90,96296
RUNNING,2000000,400000,0.35,32524
REVERSE,2000000,400000,0.38,32532
POINTSELF,2000000,400000,0.86,96304
RUNNING,2000000,400000,0.34,32532
REVERSE,2000000,400000,0.36,32528
POINTSELF,2000000,400000,0.89,96292
RUNNING,2000000,400000,0.35,32540
REVERSE,2000000,400000,0.37,32528
POINTSELF,2000000,400000,0.85,96296
RUNNING,2000000,400000,0.38,32528
REVERSE,2000000,400000,0.39,32524
POINTSELF,2000000,400000,1.27,96292
RUNNING,2000000,600000,0.50,32528
REVERSE,2000000,600000,0.44,32536
POINTSELF,2000000,600000,1.17,96308
RUNNING,2000000,600000,0.40,32532
REVERSE,2000000,600000,0.42,32532
POINTSELF,2000000,600000,1.06,96300
RUNNING,2000000,600000,0.34,32520
REVERSE,2000000,600000,0.38,32528
POINTSELF,2000000,600000,0.94,96304
RUNNING,2000000,600000,0.37,32524
REVERSE,2000000,600000,0.36,32532
POINTSELF,2000000,600000,0.88,96312
RUNNING,2000000,600000,0.34,32524
REVERSE,2000000,600000,0.36,32524
POINTSELF,2000000,600000,0.84,96300
RUNNING,2000000,800000,0.34,32536
REVERSE,2000000,800000,0.34,32520
POINTSELF,2000000,800000,0.84,96288
RUNNING,2000000,800000,0.33,32536
REVERSE,2000000,800000,0.41,32528
POINTSELF,2000000,800000,1.11,96304
RUNNING,2000000,800000,0.37,32528
REVERSE,2000000,800000,0.47,32528
POINTSELF,2000000,800000,1.22,96304
RUNNING,2000000,800000,0.86,32528
REVERSE,2000000,800000,0.36,32532
POINTSELF,2000000,800000,1.10,96296
RUNNING,2000000,800000,0.36,32532
REVERSE,2000000,800000,0.35,32528
POINTSELF,2000000,800000,1.74,96296
RUNNING,2000000,1000000,0.53,32516
REVERSE,2000000,1000000,0.84,32528
POINTSELF,2000000,1000000,1.95,96304
RUNNING,2000000,1000000,0.89,32532
REVERSE,2000000,1000000,0.76,32524
POINTSELF,2000000,1000000,0.94,96300
RUNNING,2000000,1000000,0.40,32528
REVERSE,2000000,1000000,0.37,32532
POINTSELF,2000000,1000000,0.97,96308
RUNNING,2000000,1000000,0.37,32540
REVERSE,2000000,1000000,0.36,32524
POINTSELF,2000000,1000000,0.96,96300
RUNNING,2000000,1000000,0.49,32524
REVERSE,2000000,1000000,0.42,32532
POINTSELF,2000000,1000000,0.96,96300
RUNNING,2000000,1200000,0.39,32524
REVERSE,2000000,1200000,0.39,32536
POINTSELF,2000000,1200000,0.92,96300
RUNNING,2000000,1200000,0.40,32532
REVERSE,2000000,1200000,0.38,32540
POINTSELF,2000000,1200000,0.87,96308
RUNNING,2000000,1200000,0.34,32524
REVERSE,2000000,1200000,0.38,32524
POINTSELF,2000000,1200000,0.91,96300
RUNNING,2000000,1200000,0.34,32524
REVERSE,2000000,1200000,0.35,32520
POINTSELF,2000000,1200000,0.95,96300
RUNNING,2000000,1200000,0.38,32536
REVERSE,2000000,1200000,0.38,32520
POINTSELF,2000000,1200000,0.91,96296
RUNNING,2000000,1400000,0.35,32528
REVERSE,2000000,1400000,0.34,32528
POINTSELF,2000000,1400000,0.84,96292
RUNNING,2000000,1400000,0.34,32524
REVERSE,2000000,1400000,0.35,32532
POINTSELF,2000000,1400000,0.85,96296
RUNNING,2000000,1400000,0.34,32520
REVERSE,2000000,1400000,0.35,32532
POINTSELF,2000000,1400000,0.92,96296
RUNNING,2000000,1400000,0.34,32536
REVERSE,2000000,1400000,0.43,32536
POINTSELF,2000000,1400000,0.88,96288
RUNNING,2000000,1400000,0.35,32524
REVERSE,2000000,1400000,0.35,32524
POINTSELF,2000000,1400000,1.04,96292
RUNNING,2000000,1600000,0.33,32524
REVERSE,2000000,1600000,0.41,32532
POINTSELF,2000000,1600000,0.92,96304
RUNNING,2000000,1600000,0.33,32528
REVERSE,2000000,1600000,0.34,32528
POINTSELF,2000000,1600000,0.85,96308
RUNNING,2000000,1600000,0.34,32528
REVERSE,2000000,1600000,0.38,32532
POINTSELF,2000000,1600000,0.96,96296
RUNNING,2000000,1600000,0.39,32524
REVERSE,2000000,1600000,0.48,32524
POINTSELF,2000000,1600000,0.92,96292
RUNNING,2000000,1600000,0.35,32528
REVERSE,2000000,1600000,0.35,32524
POINTSELF,2000000,1600000,0.87,96300
RUNNING,2000000,1800000,0.34,32528
REVERSE,2000000,1800000,0.35,32524
POINTSELF,2000000,1800000,0.95,96304
RUNNING,2000000,1800000,0.35,32524
REVERSE,2000000,1800000,0.37,32528
POINTSELF,2000000,1800000,0.91,96300
RUNNING,2000000,1800000,0.48,32528
REVERSE,2000000,1800000,0.37,32544
POINTSELF,2000000,1800000,1.22,96296
RUNNING,2000000,1800000,0.50,32520
REVERSE,2000000,1800000,0.36,32528
POINTSELF,2000000,1800000,0.88,96308
RUNNING,2000000,1800000,0.33,32532
REVERSE,2000000,1800000,0.34,32524
POINTSELF,2000000,1800000,0.86,96292
RUNNING,2000000,2000000,0.35,32536
REVERSE,2000000,2000000,0.37,32520
POINTSELF,2000000,2000000,0.96,96292
RUNNING,2000000,2000000,0.35,32540
REVERSE,2000000,2000000,0.34,32520
POINTSELF,2000000,2000000,0.87,96288
RUNNING,2000000,2000000,0.39,32524
REVERSE,2000000,2000000,0.37,32524
POINTSELF,2000000,2000000,1.00,96292
RUNNING,2000000,2000000,0.36,32520
REVERSE,2000000,2000000,0.36,32532
POINTSELF,2000000,2000000,1.47,96304
RUNNING,2000000,2000000,0.38,32524
REVERSE,2000000,2000000,0.40,32524
POINTSELF,2000000,2000000,1.05,96296
RUNNING,4000000,0,0.86,64268
REVERSE,4000000,0,0.96,64284
POINTSELF,4000000,0,1.93,191792
RUNNING,4000000,0,0.66,64272
REVERSE,4000000,0,0.75,64272
POINTSELF,4000000,0,1.94,191796
RUNNING,4000000,0,0.80,64280
REVERSE,4000000,0,0.83,64276
POINTSELF,4000000,0,1.88,191796
RUNNING,4000000,0,0.90,64272
REVERSE,4000000,0,0.87,64264
POINTSELF,4000000,0,1.95,191792
RUNNING,4000000,0,0.81,64280
REVERSE,4000000,0,0.80,64276
POINTSELF,4000000,0,2.26,191804
RUNNING,4000000,400000,1.33,64272
REVERSE,4000000,400000,1.14,64272
POINTSELF,4000000,400000,2.00,191792
RUNNING,4000000,400000,0.73,64272
REVERSE,4000000,400000,0.75,64272
POINTSELF,4000000,400000,1.75,191792
RUNNING,4000000,400000,0.69,64276
REVERSE,4000000,400000,0.73,64272
POINTSELF,4000000,400000,1.97,191800
RUNNING,4000000,400000,0.82,64272
REVERSE,4000000,400000,0.87,64272
POINTSELF,4000000,400000,1.88,191796
RUNNING,4000000,400000,0.72,64268
REVERSE,4000000,400000,0.99,64268
POINTSELF,4000000,400000,2.25,191796
RUNNING,4000000,800000,0.80,64272
REVERSE,4000000,800000,1.05,64280
POINTSELF,4000000,800000,2.18,191792
RUNNING,4000000,800000,1.08,64284
REVERSE,4000000,800000,0.79,64268
POINTSELF,4000000,800000,3.49,189652
RUNNING,4000000,800000,0.87,64272
REVERSE,4000000,800000,1.18,64272
POINTSELF,4000000,800000,2.88,191788
RUNNING,4000000,800000,0.78,64280
REVERSE,4000000,800000,0.81,64288
POINTSELF,4000000,800000,1.91,191792
RUNNING,4000000,800000,0.72,64272
REVERSE,4000000,800000,0.80,64268
POINTSELF,4000000,800000,2.15,191796
RUNNING,4000000,1200000,0.76,64268
REVERSE,4000000,1200000,0.92,64276
POINTSELF,4000000,1200000,1.84,191784
RUNNING,4000000,1200000,0.78,64268
REVERSE,4000000,1200000,0.87,64272
POINTSELF,4000000,1200000,1.89,191796
RUNNING,4000000,1200000,0.67,64276
REVERSE,4000000,1200000,0.75,64276
POINTSELF,4000000,1200000,1.74,191800
RUNNING,4000000,1200000,0.68,64268
REVERSE,4000000,1200000,0.77,64280
POINTSELF,4000000,1200000,1.74,191788
RUNNING,4000000,1200000,0.68,64272
REVERSE,4000000,1200000,0.72,64276
POINTSELF,4000000,1200000,1.75,191800
RUNNING,4000000,1600000,0.71,64284
REVERSE,4000000,1600000,0.81,64276
POINTSELF,4000000,1600000,1.74,191796
RUNNING,4000000,1600000,0.70,64276
REVERSE,4000000,1600000,0.74,64272
POINTSELF,4000000,1600000,1.82,191788
RUNNING,4000000,1600000,0.71,64264
REVERSE,4000000,1600000,0.73,64272
POINTSELF,4000000,1600000,1.67,191792
RUNNING,4000000,1600000,0.69,64272
REVERSE,4000000,1600000,0.70,64268
POINTSELF,4000000,1600000,1.67,191792
RUNNING,4000000,1600000,0.68,64272
REVERSE,4000000,1600000,0.71,64276
POINTSELF,4000000,1600000,1.66,191796
RUNNING,4000000,2000000,0.65,64264
REVERSE,4000000,2000000,0.72,64272
POINTSELF,4000000,2000000,1.68,191788
RUNNING,4000000,2000000,0.70,64272
REVERSE,4000000,2000000,0.76,64268
POINTSELF,4000000,2000000,1.65,191788
RUNNING,4000000,2000000,0.65,64272
REVERSE,4000000,2000000,0.69,64272
POINTSELF,4000000,2000000,1.70,191804
RUNNING,4000000,2000000,0.67,64284
REVERSE,4000000,2000000,0.70,64276
POINTSELF,4000000,2000000,1.75,191792
RUNNING,4000000,2000000,0.64,64272
REVERSE,4000000,2000000,0.69,64272
POINTSELF,4000000,2000000,1.69,191800
RUNNING,4000000,2400000,0.68,64268
REVERSE,4000000,2400000,0.70,64276
POINTSELF,4000000,2400000,1.70,191788
RUNNING,4000000,2400000,0.67,64272
REVERSE,4000000,2400000,0.74,64272
POINTSELF,4000000,2400000,1.85,191800
RUNNING,4000000,2400000,0.71,64272
REVERSE,4000000,2400000,0.92,64280
POINTSELF,4000000,2400000,2.70,191792
RUNNING,4000000,2400000,0.76,64272
REVERSE,4000000,2400000,0.94,64276
POINTSELF,4000000,2400000,1.75,191784
RUNNING,4000000,2400000,0.79,64268
REVERSE,4000000,2400000,0.89,64276
POINTSELF,4000000,2400000,1.92,191792
RUNNING,4000000,2800000,0.74,64276
REVERSE,4000000,2800000,0.72,64276
POINTSELF,4000000,2800000,2.48,191796
RUNNING,4000000,2800000,1.27,64280
REVERSE,4000000,2800000,1.34,64272
POINTSELF,4000000,2800000,2.60,191780
RUNNING,4000000,2800000,1.23,64272
REVERSE,4000000,2800000,1.06,64272
POINTSELF,4000000,2800000,1.78,191788
RUNNING,4000000,2800000,0.68,64264
REVERSE,4000000,2800000,0.86,64272
POINTSELF,4000000,2800000,2.41,191804
RUNNING,4000000,2800000,0.75,64284
REVERSE,4000000,2800000,0.77,64268
POINTSELF,4000000,2800000,1.79,191808
RUNNING,4000000,3200000,0.68,64276
REVERSE,4000000,3200000,0.71,64272
POINTSELF,4000000,3200000,1.90,191800
RUNNING,4000000,3200000,0.71,64260
REVERSE,4000000,3200000,0.79,64272
POINTSELF,4000000,3200000,1.84,191800
RUNNING,4000000,3200000,0.84,64268
REVERSE,4000000,3200000,0.85,64284
POINTSELF,4000000,3200000,2.14,191788
RUNNING,4000000,3200000,0.83,64268
REVERSE,4000000,3200000,0.93,64256
POINTSELF,4000000,3200000,2.03,191800
RUNNING,4000000,3200000,1.38,64272
REVERSE,4000000,3200000,0.75,64276
POINTSELF,4000000,3200000,1.83,191792
RUNNING,4000000,3600000,0.73,64280
REVERSE,4000000,3600000,0.70,64272
POINTSELF,4000000,3600000,1.77,191796
RUNNING,4000000,3600000,0.75,64276
REVERSE,4000000,3600000,0.74,64276
POINTSELF,4000000,3600000,1.71,191792
RUNNING,4000000,3600000,0.67,64272
REVERSE,4000000,3600000,0.66,64264
POINTSELF,4000000,3600000,1.73,191800
RUNNING,4000000,3600000,0.68,64268
REVERSE,4000000,3600000,0.69,64268
POINTSELF,4000000,3600000,1.76,191792
RUNNING,4000000,3600000,0.65,64272
REVERSE,4000000,3600000,0.70,64272
POINTSELF,4000000,3600000,1.73,191792
RUNNING,4000000,4000000,0.81,64272
REVERSE,4000000,4000000,0.68,64264
POINTSELF,4000000,4000000,1.72,191796
RUNNING,4000000,4000000,0.77,64280
REVERSE,4000000,4000000,0.79,64268
POINTSELF,4000000,4000000,2.49,191800
RUNNING,4000000,4000000,0.76,64276
REVERSE,4000000,4000000,0.99,64280
POINTSELF,4000000,4000000,2.17,191792
RUNNING,4000000,4000000,0.74,64276
REVERSE,4000000,4000000,1.26,64284
POINTSELF,4000000,4000000,2.06,191796
RUNNING,4000000,4000000,0.71,64276
REVERSE,4000000,4000000,0.71,64264
POINTSELF,4000000,4000000,1.87,191792
RUNNING,6000000,0,1.10,96016
REVERSE,6000000,0,1.11,96020
POINTSELF,6000000,0,2.80,303672
RUNNING,6000000,0,1.04,96024
REVERSE,6000000,0,1.04,96020
POINTSELF,6000000,0,2.59,303668
RUNNING,6000000,0,1.01,96008
REVERSE,6000000,0,1.09,96028
POINTSELF,6000000,0,2.61,303668
RUNNING,6000000,0,0.99,96020
REVERSE,6000000,0,1.03,96024
POINTSELF,6000000,0,2.62,303672
RUNNING,6000000,0,1.01,96028
REVERSE,6000000,0,1.07,96016
POINTSELF,6000000,0,2.66,303676
RUNNING,6000000,600000,1.00,96028
REVERSE,6000000,600000,1.12,96016
POINTSELF,6000000,600000,3.59,303676
RUNNING,6000000,600000,1.18,96016
REVERSE,6000000,600000,1.11,96020
POINTSELF,6000000,600000,2.71,303680
RUNNING,6000000,600000,0.99,96012
REVERSE,6000000,600000,1.19,96024
POINTSELF,6000000,600000,2.82,303672
RUNNING,6000000,600000,1.04,96012
REVERSE,6000000,600000,1.10,96020
POINTSELF,6000000,600000,2.68,303680
RUNNING,6000000,600000,1.04,96016
REVERSE,6000000,600000,1.10,96012
POINTSELF,6000000,600000,2.67,303676
RUNNING,6000000,1200000,1.01,96016
REVERSE,6000000,1200000,1.10,96024
POINTSELF,6000000,1200000,2.57,303668
RUNNING,6000000,1200000,1.02,96024
REVERSE,6000000,1200000,1.07,96020
POINTSELF,6000000,1200000,2.65,303676
RUNNING,6000000,1200000,1.20,96016
REVERSE,6000000,1200000,1.29,96024
POINTSELF,6000000,1200000,4.60,303684
RUNNING,6000000,1200000,1.22,96024
REVERSE,6000000,1200000,1.27,96024
POINTSELF,6000000,1200000,2.80,303676
RUNNING,6000000,1200000,1.11,96016
REVERSE,6000000,1200000,1.14,96020
POINTSELF,6000000,1200000,2.71,303676
RUNNING,6000000,1800000,1.06,96020
REVERSE,6000000,1800000,1.20,96024
POINTSELF,6000000,1800000,2.61,303672
RUNNING,6000000,1800000,1.16,96020
REVERSE,6000000,1800000,1.42,96016
POINTSELF,6000000,1800000,3.76,303668
RUNNING,6000000,1800000,1.11,96024
REVERSE,6000000,1800000,1.47,96020
POINTSELF,6000000,1800000,3.17,303692
RUNNING,6000000,1800000,1.13,96024
REVERSE,6000000,1800000,1.11,96016
POINTSELF,6000000,1800000,2.76,303668
RUNNING,6000000,1800000,1.40,96016
REVERSE,6000000,1800000,1.53,96032
POINTSELF,6000000,1800000,3.19,303684
RUNNING,6000000,2400000,1.05,96024
REVERSE,6000000,2400000,1.09,96016
POINTSELF,6000000,2400000,2.72,303672
RUNNING,6000000,2400000,1.04,96012
REVERSE,6000000,2400000,1.30,96032
POINTSELF,6000000,2400000,2.99,303680
RUNNING,6000000,2400000,1.06,96020
REVERSE,6000000,2400000,1.04,96016
POINTSELF,6000000,2400000,2.70,303672
RUNNING,6000000,2400000,1.23,96020
REVERSE,6000000,2400000,1.08,96024
POINTSELF,6000000,2400000,3.02,303664
RUNNING,6000000,2400000,1.56,96012
REVERSE,6000000,2400000,1.48,96012
POINTSELF,6000000,2400000,3.53,303672
RUNNING,6000000,3000000,1.80,96016
REVERSE,6000000,3000000,1.29,96024
POINTSELF,6000000,3000000,2.69,303676
RUNNING,6000000,3000000,0.97,96016
REVERSE,6000000,3000000,1.08,96012
POINTSELF,6000000,3000000,2.58,303660
RUNNING,6000000,3000000,1.00,96016
REVERSE,6000000,3000000,1.04,96016
POINTSELF,6000000,3000000,3.07,303668
RUNNING,6000000,3000000,1.07,96012
REVERSE,6000000,3000000,1.14,96020
POINTSELF,6000000,3000000,3.70,303680
RUNNING,6000000,3000000,1.54,96020
REVERSE,6000000,3000000,1.16,96024
POINTSELF,6000000,3000000,2.64,303672
RUNNING,6000000,3600000,0.99,96024
REVERSE,6000000,3600000,1.11,96028
POINTSELF,6000000,3600000,2.74,303672
RUNNING,6000000,3600000,0.98,96020
REVERSE,6000000,3600000,1.07,96016
POINTSELF,6000000,3600000,2.53,303668
RUNNING,6000000,3600000,0.96,96028
REVERSE,6000000,3600000,1.09,96008
POINTSELF,6000000,3600000,2.54,303676
RUNNING,6000000,3600000,1.01,96020
REVERSE,6000000,3600000,1.10,96016
POINTSELF,6000000,3600000,2.74,303676
RUNNING,6000000,3600000,1.07,96028
REVERSE,6000000,3600000,1.74,96020
POINTSELF,6000000,3600000,4.81,303680
RUNNING,6000000,4200000,1.06,96024
REVERSE,6000000,4200000,1.10,96016
POINTSELF,6000000,4200000,2.59,303676
RUNNING,6000000,4200000,1.06,96016
REVERSE,6000000,4200000,1.05,96012
POINTSELF,6000000,4200000,2.95,303676
RUNNING,6000000,4200000,0.99,96016
REVERSE,6000000,4200000,1.02,96024
POINTSELF,6000000,4200000,2.84,303664
RUNNING,6000000,4200000,1.01,96020
REVERSE,6000000,4200000,1.05,96020
POINTSELF,6000000,4200000,2.63,303672
RUNNING,6000000,4200000,1.06,96016
REVERSE,6000000,4200000,1.05,96020
POINTSELF,6000000,4200000,2.58,303668
RUNNING,6000000,4800000,1.01,96024
REVERSE,6000000,4800000,1.14,96020
POINTSELF,6000000,4800000,2.70,303672
RUNNING,6000000,4800000,1.05,96012
REVERSE,6000000,4800000,1.10,96016
POINTSELF,6000000,4800000,2.99,303672
RUNNING,6000000,4800000,1.08,96020
REVERSE,6000000,4800000,1.07,96020
POINTSELF,6000000,4800000,2.75,303680
RUNNING,6000000,4800000,1.01,96020
REVERSE,6000000,4800000,1.01,96020
POINTSELF,6000000,4800000,2.51,303668
RUNNING,6000000,4800000,1.04,96016
REVERSE,6000000,4800000,1.07,96028
POINTSELF,6000000,4800000,2.56,303668
RUNNING,6000000,5400000,1.01,96024
REVERSE,6000000,5400000,1.15,96016
POINTSELF,6000000,5400000,2.59,303676
RUNNING,6000000,5400000,0.98,96016
REVERSE,6000000,5400000,1.01,96012
POINTSELF,6000000,5400000,3.57,303676
RUNNING,6000000,5400000,1.46,96028
REVERSE,6000000,5400000,1.50,96016
POINTSELF,6000000,5400000,3.71,303672
RUNNING,6000000,5400000,1.36,96020
REVERSE,6000000,5400000,1.10,96016
POINTSELF,6000000,5400000,3.17,303672
RUNNING,6000000,5400000,1.18,96008
REVERSE,6000000,5400000,1.13,96020
POINTSELF,6000000,5400000,2.82,303680
RUNNING,6000000,6000000,1.09,96020
REVERSE,6000000,6000000,1.04,96032
POINTSELF,6000000,6000000,2.85,303680
RUNNING,6000000,6000000,1.01,96020
REVERSE,6000000,6000000,1.04,96016
POINTSELF,6000000,6000000,2.59,303668
RUNNING,6000000,6000000,1.27,96020
REVERSE,6000000,6000000,1.02,96016
POINTSELF,6000000,6000000,2.67,303672
RUNNING,6000000,6000000,1.04,96016
REVERSE,6000000,6000000,1.15,96020
POINTSELF,6000000,6000000,2.81,303672
RUNNING,6000000,6000000,1.07,96016
REVERSE,6000000,6000000,1.16,96024
POINTSELF,6000000,6000000,3.21,303676
RUNNING,8000000,0,1.59,127760
REVERSE,8000000,0,1.74,127764
POINTSELF,8000000,0,4.30,382780
RUNNING,8000000,0,1.45,127764
REVERSE,8000000,0,1.59,127764
POINTSELF,8000000,0,3.65,382788
RUNNING,8000000,0,1.95,127760
REVERSE,8000000,0,1.63,127760
POINTSELF,8000000,0,4.15,382780
RUNNING,8000000,0,1.73,127760
REVERSE,8000000,0,1.46,127772
POINTSELF,8000000,0,4.42,382792
RUNNING,8000000,0,1.50,127756
REVERSE,8000000,0,1.53,127760
POINTSELF,8000000,0,3.86,382788
RUNNING,8000000,800000,1.59,127760
REVERSE,8000000,800000,1.98,127768
POINTSELF,8000000,800000,3.59,382780
RUNNING,8000000,800000,1.60,127768
REVERSE,8000000,800000,1.68,127764
POINTSELF,8000000,800000,3.87,382780
RUNNING,8000000,800000,1.66,127764
REVERSE,8000000,800000,1.71,127760
POINTSELF,8000000,800000,4.18,382772
RUNNING,8000000,800000,1.44,127756
REVERSE,8000000,800000,1.66,127768
POINTSELF,8000000,800000,4.42,382776
RUNNING,8000000,800000,1.66,127760
REVERSE,8000000,800000,1.87,127752
POINTSELF,8000000,800000,3.71,382780
RUNNING,8000000,1600000,1.29,127760
REVERSE,8000000,1600000,1.54,127760
POINTSELF,8000000,1600000,4.28,382784
RUNNING,8000000,1600000,1.93,127764
REVERSE,8000000,1600000,1.94,127760
POINTSELF,8000000,1600000,4.95,358488
RUNNING,8000000,1600000,1.50,127764
REVERSE,8000000,1600000,1.45,127764
POINTSELF,8000000,1600000,3.48,382788
RUNNING,8000000,1600000,1.32,127768
REVERSE,8000000,1600000,1.38,127760
POINTSELF,8000000,1600000,3.37,382788
RUNNING,8000000,1600000,1.31,127756
REVERSE,8000000,1600000,1.39,127764
POINTSELF,8000000,1600000,3.50,382780
RUNNING,8000000,2400000,1.46,127760
REVERSE,8000000,2400000,1.48,127764
POINTSELF,8000000,2400000,3.46,382780
RUNNING,8000000,2400000,1.32,127768
REVERSE,8000000,2400000,1.38,127764
POINTSELF,8000000,2400000,3.37,382780
RUNNING,8000000,2400000,1.33,127760
REVERSE,8000000,2400000,1.37,127760
POINTSELF,8000000,2400000,3.37,382788
RUNNING,8000000,2400000,1.32,127768
REVERSE,8000000,2400000,1.37,127756
POINTSELF,8000000,2400000,3.36,382784
RUNNING,8000000,2400000,1.31,127756
REVERSE,8000000,2400000,1.38,127760
POINTSELF,8000000,2400000,3.51,382788
RUNNING,8000000,3200000,1.40,127760
REVERSE,8000000,3200000,1.46,127764
POINTSELF,8000000,3200000,3.64,382772
RUNNING,8000000,3200000,1.36,127764
REVERSE,8000000,3200000,1.49,127772
POINTSELF,8000000,3200000,3.43,382776
RUNNING,8000000,3200000,1.32,127760
REVERSE,8000000,3200000,1.46,127756
POINTSELF,8000000,3200000,4.51,382792
RUNNING,8000000,3200000,2.31,127772
REVERSE,8000000,3200000,1.90,127756
POINTSELF,8000000,3200000,4.72,382776
RUNNING,8000000,3200000,1.31,127756
REVERSE,8000000,3200000,1.71,127764
POINTSELF,8000000,3200000,3.90,382792
RUNNING,8000000,4000000,1.33,127764
REVERSE,8000000,4000000,1.46,127772
POINTSELF,8000000,4000000,3.60,382784
RUNNING,8000000,4000000,1.41,127760
REVERSE,8000000,4000000,1.43,127768
POINTSELF,8000000,4000000,3.79,382780
RUNNING,8000000,4000000,1.39,127756
REVERSE,8000000,4000000,2.47,127760
POINTSELF,8000000,4000000,4.67,382772
RUNNING,8000000,4000000,1.58,127756
REVERSE,8000000,4000000,1.52,127768
POINTSELF,8000000,4000000,3.86,382792
RUNNING,8000000,4000000,1.71,127756
REVERSE,8000000,4000000,1.49,127760
POINTSELF,8000000,4000000,4.24,382788
RUNNING,8000000,4800000,1.65,127760
REVERSE,8000000,4800000,1.65,127752
POINTSELF,8000000,4800000,3.69,382772
RUNNING,8000000,4800000,1.36,127752
REVERSE,8000000,4800000,1.40,127760
POINTSELF,8000000,4800000,3.49,382780
RUNNING,8000000,4800000,1.31,127756
REVERSE,8000000,4800000,1.68,127760
POINTSELF,8000000,4800000,4.17,382780
RUNNING,8000000,4800000,1.59,127764
REVERSE,8000000,4800000,1.67,127764
POINTSELF,8000000,4800000,4.51,382776
RUNNING,8000000,4800000,1.36,127780
REVERSE,8000000,4800000,1.47,127760
POINTSELF,8000000,4800000,3.40,382788
RUNNING,8000000,5600000,1.31,127768
REVERSE,8000000,5600000,1.36,127760
POINTSELF,8000000,5600000,3.88,382776
RUNNING,8000000,5600000,1.49,127752
REVERSE,8000000,5600000,1.53,127760
POINTSELF,8000000,5600000,4.28,382784
RUNNING,8000000,5600000,1.42,127760
REVERSE,8000000,5600000,1.94,127756
POINTSELF,8000000,5600000,3.87,382788
RUNNING,8000000,5600000,1.49,127760
REVERSE,8000000,5600000,1.55,127760
POINTSELF,8000000,5600000,3.76,382792
RUNNING,8000000,5600000,1.57,127768
REVERSE,8000000,5600000,1.55,127760
POINTSELF,8000000,5600000,3.76,382800
RUNNING,8000000,6400000,1.46,127756
REVERSE,8000000,6400000,1.53,127760
POINTSELF,8000000,6400000,3.90,382784
RUNNING,8000000,6400000,1.55,127764
REVERSE,8000000,6400000,1.83,127760
POINTSELF,8000000,6400000,4.29,382776
RUNNING,8000000,6400000,1.51,127768
REVERSE,8000000,6400000,2.12,127760
POINTSELF,8000000,6400000,4.41,343312
RUNNING,8000000,6400000,1.62,127764
REVERSE,8000000,6400000,1.64,127768
POINTSELF,8000000,6400000,3.47,382784
RUNNING,8000000,6400000,1.59,127772
REVERSE,8000000,6400000,1.60,127760
POINTSELF,8000000,6400000,3.94,382780
RUNNING,8000000,7200000,1.47,127768
REVERSE,8000000,7200000,1.93,127760
POINTSELF,8000000,7200000,4.19,381616
RUNNING,8000000,7200000,1.44,127760
REVERSE,8000000,7200000,1.54,127780
POINTSELF,8000000,7200000,4.53,382784
RUNNING,8000000,7200000,1.82,127772
REVERSE,8000000,7200000,1.95,127756
POINTSELF,8000000,7200000,4.27,382780
RUNNING,8000000,7200000,1.64,127764
REVERSE,8000000,7200000,1.54,127768
POINTSELF,8000000,7200000,3.77,382784
RUNNING,8000000,7200000,1.57,127764
REVERSE,8000000,7200000,1.44,127760
POINTSELF,8000000,7200000,3.28,382772
RUNNING,8000000,8000000,1.32,127748
REVERSE,8000000,8000000,1.36,127764
POINTSELF,8000000,8000000,3.32,382780
RUNNING,8000000,8000000,1.32,127752
REVERSE,8000000,8000000,1.33,127764
POINTSELF,8000000,8000000,3.26,382792
RUNNING,8000000,8000000,1.35,127760
REVERSE,8000000,8000000,1.32,127760
POINTSELF,8000000,8000000,3.28,382784
RUNNING,8000000,8000000,1.32,127752
REVERSE,8000000,8000000,1.32,127768
POINTSELF,8000000,8000000,3.70,382800
RUNNING,8000000,8000000,1.60,127760
REVERSE,8000000,8000000,1.54,127752
POINTSELF,8000000,8000000,4.01,382780
RUNNING,10000000,0,2.08,159512
REVERSE,10000000,0,1.86,159520
POINTSELF,10000000,0,5.18,527432
RUNNING,10000000,0,1.81,159504
REVERSE,10000000,0,2.28,159516
POINTSELF,10000000,0,5.03,527436
RUNNING,10000000,0,1.82,159508
REVERSE,10000000,0,3.14,159504
POINTSELF,10000000,0,5.55,448028
RUNNING,10000000,0,1.91,159504
REVERSE,10000000,0,1.84,159504
POINTSELF,10000000,0,4.64,527428
RUNNING,10000000,0,1.97,159508
REVERSE,10000000,0,1.85,159516
POINTSELF,10000000,0,4.87,527436
RUNNING,10000000,1000000,1.69,159500
REVERSE,10000000,1000000,1.96,159508
POINTSELF,10000000,1000000,6.47,527440
RUNNING,10000000,1000000,1.75,159512
REVERSE,10000000,1000000,2.07,159504
POINTSELF,10000000,1000000,6.09,371444
RUNNING,10000000,1000000,1.89,159504
REVERSE,10000000,1000000,2.06,159508
POINTSELF,10000000,1000000,4.90,527448
RUNNING,10000000,1000000,1.73,159500
REVERSE,10000000,1000000,1.82,159504
POINTSELF,10000000,1000000,5.05,527444
RUNNING,10000000,1000000,1.98,159508
REVERSE,10000000,1000000,2.05,159508
POINTSELF,10000000,1000000,5.12,527440
RUNNING,10000000,2000000,1.94,159504
REVERSE,10000000,2000000,2.06,159520
POINTSELF,10000000,2000000,4.71,527436
RUNNING,10000000,2000000,1.74,159504
REVERSE,10000000,2000000,1.88,159504
POINTSELF,10000000,2000000,4.58,527436
RUNNING,10000000,2000000,2.06,159500
REVERSE,10000000,2000000,2.02,159504
POINTSELF,10000000,2000000,5.48,527444
RUNNING,10000000,2000000,1.90,159500
REVERSE,10000000,2000000,2.63,159504
POINTSELF,10000000,2000000,6.92,527436
RUNNING,10000000,2000000,1.74,159512
REVERSE,10000000,2000000,1.74,159504
POINTSELF,10000000,2000000,4.35,527444
RUNNING,10000000,3000000,1.64,159512
REVERSE,10000000,3000000,1.84,159504
POINTSELF,10000000,3000000,4.27,527440
RUNNING,10000000,3000000,1.62,159508
REVERSE,10000000,3000000,1.83,159508
POINTSELF,10000000,3000000,4.37,527440
RUNNING,10000000,3000000,1.70,159500
REVERSE,10000000,3000000,1.75,159504
POINTSELF,10000000,3000000,4.54,527436
RUNNING,10000000,3000000,1.65,159504
REVERSE,10000000,3000000,1.77,159508
POINTSELF,10000000,3000000,4.38,527428
RUNNING,10000000,3000000,1.64,159512
REVERSE,10000000,3000000,1.71,159504
POINTSELF,10000000,3000000,4.26,527436
RUNNING,10000000,4000000,1.63,159500
REVERSE,10000000,4000000,1.76,159508
POINTSELF,10000000,4000000,4.48,527436
RUNNING,10000000,4000000,1.67,159504
REVERSE,10000000,4000000,1.76,159516
POINTSELF,10000000,4000000,4.40,527436
RUNNING,10000000,4000000,1.70,159512
REVERSE,10000000,4000000,1.83,159504
POINTSELF,10000000,4000000,4.54,527432
RUNNING,10000000,4000000,1.85,159524
REVERSE,10000000,4000000,1.85,159512
POINTSELF,10000000,4000000,6.70,527440
RUNNING,10000000,4000000,1.71,159508
REVERSE,10000000,4000000,1.79,159516
POINTSELF,10000000,4000000,4.37,527428
RUNNING,10000000,5000000,1.59,159496
REVERSE,10000000,5000000,1.69,159508
POINTSELF,10000000,5000000,4.27,527436
RUNNING,10000000,5000000,1.58,159508
REVERSE,10000000,5000000,1.78,159504
POINTSELF,10000000,5000000,4.24,527440
RUNNING,10000000,5000000,1.88,159512
REVERSE,10000000,5000000,2.12,159500
POINTSELF,10000000,5000000,4.40,527448
RUNNING,10000000,5000000,1.66,159512
REVERSE,10000000,5000000,1.76,159508
POINTSELF,10000000,5000000,4.61,527428
RUNNING,10000000,5000000,1.74,159516
REVERSE,10000000,5000000,1.74,159504
POINTSELF,10000000,5000000,4.45,527436
RUNNING,10000000,6000000,1.66,159512
REVERSE,10000000,6000000,1.90,159508
POINTSELF,10000000,6000000,4.47,527424
RUNNING,10000000,6000000,1.60,159508
REVERSE,10000000,6000000,1.81,159512
POINTSELF,10000000,6000000,4.97,527432
RUNNING,10000000,6000000,1.65,159512
REVERSE,10000000,6000000,1.73,159496
POINTSELF,10000000,6000000,6.18,320548
RUNNING,10000000,6000000,1.66,159512
REVERSE,10000000,6000000,1.69,159508
POINTSELF,10000000,6000000,4.33,527448
RUNNING,10000000,6000000,1.59,159504
REVERSE,10000000,6000000,1.81,159504
POINTSELF,10000000,6000000,4.98,527440
RUNNING,10000000,7000000,1.74,159504
REVERSE,10000000,7000000,1.72,159516
POINTSELF,10000000,7000000,4.62,527448
RUNNING,10000000,7000000,1.65,159512
REVERSE,10000000,7000000,1.77,159500
POINTSELF,10000000,7000000,4.57,527432
RUNNING,10000000,7000000,1.66,159508
REVERSE,10000000,7000000,1.72,159516
POINTSELF,10000000,7000000,4.22,527440
RUNNING,10000000,7000000,1.63,159512
REVERSE,10000000,7000000,1.78,159496
POINTSELF,10000000,7000000,4.56,527440
RUNNING,10000000,7000000,1.78,159508
REVERSE,10000000,7000000,1.82,159500
POINTSELF,10000000,7000000,4.82,527448
RUNNING,10000000,8000000,1.95,159508
REVERSE,10000000,8000000,2.12,159504
POINTSELF,10000000,8000000,4.86,527432
RUNNING,10000000,8000000,1.97,159520
REVERSE,10000000,8000000,1.76,159504
POINTSELF,10000000,8000000,4.40,527432
RUNNING,10000000,8000000,1.65,159512
REVERSE,10000000,8000000,1.76,159508
POINTSELF,10000000,8000000,5.16,527448
RUNNING,10000000,8000000,1.84,159512
REVERSE,10000000,8000000,1.71,159504
POINTSELF,10000000,8000000,4.37,527436
RUNNING,10000000,8000000,1.65,159512
REVERSE,10000000,8000000,1.70,159504
POINTSELF,10000000,8000000,4.44,527436
RUNNING,10000000,9000000,1.66,159516
REVERSE,10000000,9000000,1.66,159492
POINTSELF,10000000,9000000,4.63,527432
RUNNING,10000000,9000000,1.72,159500
REVERSE,10000000,9000000,1.89,159500
POINTSELF,10000000,9000000,4.36,527440
RUNNING,10000000,9000000,1.77,159508
REVERSE,10000000,9000000,1.78,159500
POINTSELF,10000000,9000000,4.41,527432
RUNNING,10000000,9000000,1.71,159508
REVERSE,10000000,9000000,1.71,159504
POINTSELF,10000000,9000000,4.46,527424
RUNNING,10000000,9000000,1.65,159508
REVERSE,10000000,9000000,1.76,159504
POINTSELF,10000000,9000000,4.29,527432
RUNNING,10000000,10000000,1.70,159520
REVERSE,10000000,10000000,1.66,159504
POINTSELF,10000000,10000000,4.59,527436
RUNNING,10000000,10000000,2.14,159512
REVERSE,10000000,10000000,3.23,159500
POINTSELF,10000000,10000000,5.87,479756
RUNNING,10000000,10000000,2.28,159500
REVERSE,10000000,10000000,1.68,159504
POINTSELF,10000000,10000000,4.72,527440
RUNNING,10000000,10000000,1.78,159508
REVERSE,10000000,10000000,1.85,159520
POINTSELF,10000000,10000000,4.42,527440
RUNNING,10000000,10000000,1.73,159520
REVERSE,10000000,10000000,1.83,159496
POINTSELF,10000000,10000000,4.29,527448
RUNNING,20000000,0,3.21,318224
REVERSE,20000000,0,3.36,318224
POINTSELF,20000000,0,9.42,897644
RUNNING,20000000,0,3.23,318224
REVERSE,20000000,0,3.40,318220
POINTSELF,20000000,0,9.07,1054072
RUNNING,20000000,0,3.26,318228
REVERSE,20000000,0,3.34,318224
POINTSELF,20000000,0,8.83,1054072
RUNNING,20000000,0,3.28,318216
REVERSE,20000000,0,3.74,318232
POINTSELF,20000000,0,11.13,855412
RUNNING,20000000,0,5.57,318236
REVERSE,20000000,0,3.64,318228
POINTSELF,20000000,0,10.16,906312
RUNNING,20000000,2000000,4.03,318232
REVERSE,20000000,2000000,3.98,318228
POINTSELF,20000000,2000000,9.88,907968
RUNNING,20000000,2000000,3.83,318228
REVERSE,20000000,2000000,3.90,318232
POINTSELF,20000000,2000000,9.61,1054080
RUNNING,20000000,2000000,3.41,318232
REVERSE,20000000,2000000,3.84,318228
POINTSELF,20000000,2000000,10.08,1006200
RUNNING,20000000,2000000,3.45,318224
REVERSE,20000000,2000000,3.94,318232
POINTSELF,20000000,2000000,9.42,999616
RUNNING,20000000,2000000,3.40,318224
REVERSE,20000000,2000000,3.58,318220
POINTSELF,20000000,2000000,8.99,1044900
RUNNING,20000000,4000000,4.24,318224
REVERSE,20000000,4000000,4.21,318228
POINTSELF,20000000,4000000,11.46,1054068
RUNNING,20000000,4000000,3.43,318224
REVERSE,20000000,4000000,3.47,318228
POINTSELF,20000000,4000000,8.93,1054060
RUNNING,20000000,4000000,3.99,318220
REVERSE,20000000,4000000,4.34,318224
POINTSELF,20000000,4000000,10.56,1054072
RUNNING,20000000,4000000,4.12,318228
REVERSE,20000000,4000000,4.40,318224
POINTSELF,20000000,4000000,13.01,736232
RUNNING,20000000,4000000,3.82,318224
REVERSE,20000000,4000000,3.72,318224
POINTSELF,20000000,4000000,9.64,1054072
RUNNING,20000000,6000000,3.98,318232
REVERSE,20000000,6000000,5.45,318228
POINTSELF,20000000,6000000,12.19,832292
RUNNING,20000000,6000000,4.21,318224
REVERSE,20000000,6000000,4.22,318220
POINTSELF,20000000,6000000,9.80,1054072
RUNNING,20000000,6000000,4.16,318220
REVERSE,20000000,6000000,4.12,318228
POINTSELF,20000000,6000000,10.40,1054076
RUNNING,20000000,6000000,3.94,318224
REVERSE,20000000,6000000,4.18,318228
POINTSELF,20000000,6000000,9.75,1054068
RUNNING,20000000,6000000,3.88,318228
REVERSE,20000000,6000000,4.29,318220
POINTSELF,20000000,6000000,10.58,1054064
RUNNING,20000000,8000000,5.19,318224
REVERSE,20000000,8000000,3.83,318228
POINTSELF,20000000,8000000,9.47,982752
RUNNING,20000000,8000000,3.47,318228
REVERSE,20000000,8000000,3.75,318216
POINTSELF,20000000,8000000,11.96,979948
RUNNING,20000000,8000000,3.78,318228
REVERSE,20000000,8000000,4.37,318228
POINTSELF,20000000,8000000,12.20,1054064
RUNNING,20000000,8000000,4.73,318224
REVERSE,20000000,8000000,4.36,318232
POINTSELF,20000000,8000000,10.87,1054060
RUNNING,20000000,8000000,3.73,318228
REVERSE,20000000,8000000,3.83,318228
POINTSELF,20000000,8000000,10.79,1054080
RUNNING,20000000,10000000,4.47,318240
REVERSE,20000000,10000000,4.88,318236
POINTSELF,20000000,10000000,11.32,1054072
RUNNING,20000000,10000000,4.50,318224
REVERSE,20000000,10000000,4.39,318224
POINTSELF,20000000,10000000,11.45,1054076
RUNNING,20000000,10000000,4.80,318228
REVERSE,20000000,10000000,4.36,318224
POINTSELF,20000000,10000000,11.05,1054076
RUNNING,20000000,10000000,3.89,318228
REVERSE,20000000,10000000,4.27,318232
POINTSELF,20000000,10000000,10.82,1054072
RUNNING,20000000,10000000,3.65,318228
REVERSE,20000000,10000000,3.85,318220
POINTSELF,20000000,10000000,9.71,1054076
RUNNING,20000000,12000000,3.59,318228
REVERSE,20000000,12000000,4.00,318224
POINTSELF,20000000,12000000,9.86,1041132
RUNNING,20000000,12000000,3.60,318224
REVERSE,20000000,12000000,4.15,318228
POINTSELF,20000000,12000000,10.25,1054072
RUNNING,20000000,12000000,3.88,318224
REVERSE,20000000,12000000,3.96,318236
POINTSELF,20000000,12000000,12.13,1054064
RUNNING,20000000,12000000,4.91,318232
REVERSE,20000000,12000000,6.36,318224
POINTSELF,20000000,12000000,9.59,753424
RUNNING,20000000,12000000,5.02,318224
REVERSE,20000000,12000000,4.11,318228
POINTSELF,20000000,12000000,12.97,869440
RUNNING,20000000,14000000,4.33,318236
REVERSE,20000000,14000000,4.70,318228
POINTSELF,20000000,14000000,10.59,1054072
RUNNING,20000000,14000000,4.54,318220
REVERSE,20000000,14000000,4.46,318228
POINTSELF,20000000,14000000,12.37,1054064
RUNNING,20000000,14000000,4.32,318228
REVERSE,20000000,14000000,4.61,318224
POINTSELF,20000000,14000000,10.94,1054064
RUNNING,20000000,14000000,4.38,318240
REVERSE,20000000,14000000,3.90,318236
POINTSELF,20000000,14000000,8.98,1054064
RUNNING,20000000,14000000,3.33,318216
REVERSE,20000000,14000000,3.49,318220
POINTSELF,20000000,14000000,9.00,1054072
RUNNING,20000000,16000000,3.40,318228
REVERSE,20000000,16000000,3.42,318224
POINTSELF,20000000,16000000,9.03,1054076
RUNNING,20000000,16000000,3.66,318224
REVERSE,20000000,16000000,3.71,318224
POINTSELF,20000000,16000000,9.11,1054068
RUNNING,20000000,16000000,3.45,318224
REVERSE,20000000,16000000,3.53,318232
POINTSELF,20000000,16000000,9.79,1054076
RUNNING,20000000,16000000,3.73,318232
REVERSE,20000000,16000000,3.62,318228
POINTSELF,20000000,16000000,9.16,1054072
RUNNING,20000000,16000000,3.60,318224
REVERSE,20000000,16000000,3.65,318232
POINTSELF,20000000,16000000,9.78,1054080
RUNNING,20000000,18000000,3.90,318224
REVERSE,20000000,18000000,3.98,318236
POINTSELF,20000000,18000000,10.89,981860
RUNNING,20000000,18000000,3.83,318232
REVERSE,20000000,18000000,4.00,318224
POINTSELF,20000000,18000000,9.95,1054076
RUNNING,20000000,18000000,3.80,318228
REVERSE,20000000,18000000,3.71,318228
POINTSELF,20000000,18000000,8.92,1054068
RUNNING,20000000,18000000,3.80,318224
REVERSE,20000000,18000000,3.77,318232
POINTSELF,20000000,18000000,10.13,1054068
RUNNING,20000000,18000000,3.88,318232
REVERSE,20000000,18000000,4.41,318220
POINTSELF,20000000,18000000,10.33,936060
RUNNING,20000000,20000000,3.89,318228
REVERSE,20000000,20000000,6.38,318232
POINTSELF,20000000,20000000,12.83,737592
RUNNING,20000000,20000000,3.98,318220
REVERSE,20000000,20000000,4.90,318232
POINTSELF,20000000,20000000,10.63,1054084
RUNNING,20000000,20000000,3.72,318228
REVERSE,20000000,20000000,3.67,318216
POINTSELF,20000000,20000000,9.52,1054060
RUNNING,20000000,20000000,3.74,318236
REVERSE,20000000,20000000,3.64,318224
POINTSELF,20000000,20000000,10.45,1054064
RUNNING,20000000,20000000,4.41,318228
REVERSE,20000000,20000000,4.81,318224
POINTSELF,20000000,20000000,11.78,1054088
RUNNING,30000000,0,5.50,476940
REVERSE,30000000,0,7.39,476936
POINTSELF,30000000,0,17.01,1376228
RUNNING,30000000,0,6.52,476936
REVERSE,30000000,0,6.32,476948
POINTSELF,30000000,0,13.74,1257284
RUNNING,30000000,0,5.65,476936
REVERSE,30000000,0,5.63,476932
POINTSELF,30000000,0,13.02,1449624
RUNNING,30000000,0,5.05,476932
REVERSE,30000000,0,5.13,476932
POINTSELF,30000000,0,13.65,1449620
RUNNING,30000000,0,6.43,476936
REVERSE,30000000,0,6.01,476944
POINTSELF,30000000,0,16.81,1345328
RUNNING,30000000,3000000,5.77,476940
REVERSE,30000000,3000000,8.03,476932
POINTSELF,30000000,3000000,15.44,1374348
RUNNING,30000000,3000000,6.21,476940
REVERSE,30000000,3000000,6.55,476924
POINTSELF,30000000,3000000,14.71,1399552
RUNNING,30000000,3000000,6.26,476936
REVERSE,30000000,3000000,6.39,476940
POINTSELF,30000000,3000000,16.92,1169184
RUNNING,30000000,3000000,5.84,476944
REVERSE,30000000,3000000,6.30,476936
POINTSELF,30000000,3000000,14.39,1449624
RUNNING,30000000,3000000,5.64,476940
REVERSE,30000000,3000000,6.45,476932
POINTSELF,30000000,3000000,15.68,1449624
RUNNING,30000000,6000000,6.55,476932
REVERSE,30000000,6000000,6.54,476940
POINTSELF,30000000,6000000,13.45,1449616
RUNNING,30000000,6000000,5.03,476936
REVERSE,30000000,6000000,5.55,476940
POINTSELF,30000000,6000000,14.51,1449612
RUNNING,30000000,6000000,5.50,476936
REVERSE,30000000,6000000,5.39,476932
POINTSELF,30000000,6000000,12.98,1449624
RUNNING,30000000,6000000,5.15,476944
REVERSE,30000000,6000000,5.48,476932
POINTSELF,30000000,6000000,12.57,1449620
RUNNING,30000000,6000000,5.02,476920
REVERSE,30000000,6000000,5.48,476932
POINTSELF,30000000,6000000,12.84,1449612
RUNNING,30000000,9000000,5.17,476928
REVERSE,30000000,9000000,5.41,476940
POINTSELF,30000000,9000000,12.59,1449620
RUNNING,30000000,9000000,5.09,476928
REVERSE,30000000,9000000,5.44,476932
POINTSELF,30000000,9000000,12.65,1449620
RUNNING,30000000,9000000,5.12,476932
REVERSE,30000000,9000000,5.54,476940
POINTSELF,30000000,9000000,16.12,1128936
RUNNING,30000000,9000000,6.49,476940
REVERSE,30000000,9000000,5.93,476944
POINTSELF,30000000,9000000,15.75,1449624
RUNNING,30000000,9000000,6.88,476936
REVERSE,30000000,9000000,6.03,476936
POINTSELF,30000000,9000000,13.40,1449620
RUNNING,30000000,12000000,6.31,476936
REVERSE,30000000,12000000,6.94,476940
POINTSELF,30000000,12000000,16.20,1322600
RUNNING,30000000,12000000,6.15,476928
REVERSE,30000000,12000000,7.29,476932
POINTSELF,30000000,12000000,17.38,1449620
RUNNING,30000000,12000000,6.82,476940
REVERSE,30000000,12000000,7.83,476952
POINTSELF,30000000,12000000,16.02,1145992
RUNNING,30000000,12000000,7.22,476944
REVERSE,30000000,12000000,7.26,476936
POINTSELF,30000000,12000000,17.72,1296352
RUNNING,30000000,12000000,6.86,476936
REVERSE,30000000,12000000,6.18,476948
POINTSELF,30000000,12000000,18.40,1431816
RUNNING,30000000,15000000,7.46,476924
REVERSE,30000000,15000000,8.00,476952
POINTSELF,30000000,15000000,16.82,1234404
RUNNING,30000000,15000000,6.45,476928
REVERSE,30000000,15000000,6.93,476928
POINTSELF,30000000,15000000,17.76,988224
RUNNING,30000000,15000000,6.29,476940
REVERSE,30000000,15000000,6.81,476932
POINTSELF,30000000,15000000,16.00,1422972
RUNNING,30000000,15000000,7.34,476944
REVERSE,30000000,15000000,8.16,476932
POINTSELF,30000000,15000000,16.62,1449608
RUNNING,30000000,15000000,6.22,476940
REVERSE,30000000,15000000,7.25,476940
POINTSELF,30000000,15000000,13.06,1449624
RUNNING,30000000,18000000,5.53,476928
REVERSE,30000000,18000000,7.82,476932
POINTSELF,30000000,18000000,13.52,1449620
RUNNING,30000000,18000000,6.44,476948
REVERSE,30000000,18000000,7.13,476940
POINTSELF,30000000,18000000,14.27,1449620
RUNNING,30000000,18000000,5.23,476932
REVERSE,30000000,18000000,6.16,476932
POINTSELF,30000000,18000000,16.05,1449620
RUNNING,30000000,18000000,7.01,476940
REVERSE,30000000,18000000,7.28,476940
POINTSELF,30000000,18000000,16.19,973880
RUNNING,30000000,18000000,8.60,476944
REVERSE,30000000,18000000,6.97,476936
POINTSELF,30000000,18000000,17.47,1449620
RUNNING,30000000,21000000,6.63,476940
REVERSE,30000000,21000000,6.67,476932
POINTSELF,30000000,21000000,14.55,1449628
RUNNING,30000000,21000000,5.67,476932
REVERSE,30000000,21000000,6.37,476940
POINTSELF,30000000,21000000,16.37,1134504
RUNNING,30000000,21000000,6.07,476944
REVERSE,30000000,21000000,6.42,476940
POINTSELF,30000000,21000000,19.07,1449624
RUNNING,30000000,21000000,7.33,476940
REVERSE,30000000,21000000,6.94,476932
POINTSELF,30000000,21000000,17.03,1449616
RUNNING,30000000,21000000,5.84,476940
REVERSE,30000000,21000000,6.90,476944
POINTSELF,30000000,21000000,15.95,1449612
RUNNING,30000000,24000000,8.22,476940
REVERSE,30000000,24000000,5.76,476940
POINTSELF,30000000,24000000,14.38,1389500
RUNNING,30000000,24000000,5.35,476940
REVERSE,30000000,24000000,5.75,476940
POINTSELF,30000000,24000000,13.35,1449620
RUNNING,30000000,24000000,5.53,476940
REVERSE,30000000,24000000,5.73,476944
POINTSELF,30000000,24000000,14.30,1449616
RUNNING,30000000,24000000,5.60,476944
REVERSE,30000000,24000000,5.95,476944
POINTSELF,30000000,24000000,15.39,1243208
RUNNING,30000000,24000000,6.58,476936
REVERSE,30000000,24000000,7.62,476936
POINTSELF,30000000,24000000,14.24,1159592
RUNNING,30000000,27000000,5.55,476948
REVERSE,30000000,27000000,5.88,476936
POINTSELF,30000000,27000000,13.32,1449632
RUNNING,30000000,27000000,6.09,476932
REVERSE,30000000,27000000,6.74,476940
POINTSELF,30000000,27000000,14.16,1237844
RUNNING,30000000,27000000,5.28,476932
REVERSE,30000000,27000000,5.31,476932
POINTSELF,30000000,27000000,13.11,1449612
RUNNING,30000000,27000000,5.28,476936
REVERSE,30000000,27000000,5.49,476936
POINTSELF,30000000,27000000,14.05,1449604
RUNNING,30000000,27000000,5.49,476932
REVERSE,30000000,27000000,6.20,476952
POINTSELF,30000000,27000000,14.81,1449616
RUNNING,30000000,30000000,5.57,476932
REVERSE,30000000,30000000,5.88,476948
POINTSELF,30000000,30000000,13.81,1449616
RUNNING,30000000,30000000,5.62,476932
REVERSE,30000000,30000000,6.15,476940
POINTSELF,30000000,30000000,14.96,1449620
RUNNING,30000000,30000000,5.65,476940
REVERSE,30000000,30000000,6.21,476936
POINTSELF,30000000,30000000,13.67,1449612
RUNNING,30000000,30000000,5.61,476940
REVERSE,30000000,30000000,5.47,476940
POINTSELF,30000000,30000000,13.31,1449616
RUNNING,30000000,30000000,5.63,476932
REVERSE,30000000,30000000,6.63,476936
POINTSELF,30000000,30000000,19.02,1054476
RUNNING,40000000,0,9.21,635664
REVERSE,40000000,0,7.42,635648
POINTSELF,40000000,0,18.43,1731164
RUNNING,40000000,0,6.79,635652
REVERSE,40000000,0,8.18,635664
POINTSELF,40000000,0,23.90,1799040
RUNNING,40000000,0,8.14,635664
REVERSE,40000000,0,7.72,635668
POINTSELF,40000000,0,21.56,2056984
RUNNING,40000000,0,6.87,635660
REVERSE,40000000,0,6.96,635664
POINTSELF,40000000,0,20.39,1941820
RUNNING,40000000,0,7.06,635660
REVERSE,40000000,0,7.37,635656
POINTSELF,40000000,0,17.98,2056980
RUNNING,40000000,4000000,7.02,635652
REVERSE,40000000,4000000,7.43,635660
POINTSELF,40000000,4000000,17.85,2011424
RUNNING,40000000,4000000,6.83,635664
REVERSE,40000000,4000000,7.24,635664
POINTSELF,40000000,4000000,17.98,1991500
RUNNING,40000000,4000000,7.02,635668
REVERSE,40000000,4000000,8.34,635668
POINTSELF,40000000,4000000,18.54,1653712
RUNNING,40000000,4000000,8.13,635660
REVERSE,40000000,4000000,7.82,635660
POINTSELF,40000000,4000000,22.07,1717924
RUNNING,40000000,4000000,8.19,635656
REVERSE,40000000,4000000,9.31,635656
POINTSELF,40000000,4000000,23.69,1781716
RUNNING,40000000,8000000,7.62,635668
REVERSE,40000000,8000000,9.49,635668
POINTSELF,40000000,8000000,20.04,1774900
RUNNING,40000000,8000000,9.72,635664
REVERSE,40000000,8000000,10.04,635672
POINTSELF,40000000,8000000,22.37,1932252
RUNNING,40000000,8000000,8.55,635672
REVERSE,40000000,8000000,8.56,635656
POINTSELF,40000000,8000000,20.43,1950560
RUNNING,40000000,8000000,8.09,635656
REVERSE,40000000,8000000,7.68,635656
POINTSELF,40000000,8000000,21.76,1987960
RUNNING,40000000,8000000,8.98,635668
REVERSE,40000000,8000000,8.35,635664
POINTSELF,40000000,8000000,22.44,1649284
RUNNING,40000000,12000000,7.53,635668
REVERSE,40000000,12000000,8.79,635668
POINTSELF,40000000,12000000,23.07,1794536
RUNNING,40000000,12000000,7.33,635668
REVERSE,40000000,12000000,8.57,635664
POINTSELF,40000000,12000000,18.23,1702892
RUNNING,40000000,12000000,6.79,635672
REVERSE,40000000,12000000,7.22,635660
POINTSELF,40000000,12000000,21.66,2056988
RUNNING,40000000,12000000,7.48,635660
REVERSE,40000000,12000000,7.33,635660
POINTSELF,40000000,12000000,18.04,1788244
RUNNING,40000000,12000000,7.03,635660
REVERSE,40000000,12000000,10.55,635664
POINTSELF,40000000,12000000,20.12,1549924
RUNNING,40000000,16000000,8.07,635656
REVERSE,40000000,16000000,8.89,635656
POINTSELF,40000000,16000000,21.94,1685432
RUNNING,40000000,16000000,8.42,635668
REVERSE,40000000,16000000,7.74,635668
POINTSELF,40000000,16000000,22.09,1712660
RUNNING,40000000,16000000,7.39,635656
REVERSE,40000000,16000000,7.92,635664
POINTSELF,40000000,16000000,19.33,1446584
RUNNING,40000000,16000000,8.27,635660
REVERSE,40000000,16000000,8.26,635664
POINTSELF,40000000,16000000,18.40,1604840
RUNNING,40000000,16000000,6.68,635664
REVERSE,40000000,16000000,7.06,635664
POINTSELF,40000000,16000000,17.50,1989424
RUNNING,40000000,20000000,6.56,635656
REVERSE,40000000,20000000,7.08,635660
POINTSELF,40000000,20000000,17.57,2044116
RUNNING,40000000,20000000,6.58,635664
REVERSE,40000000,20000000,7.31,635668
POINTSELF,40000000,20000000,17.31,2056980
RUNNING,40000000,20000000,6.66,635660
REVERSE,40000000,20000000,7.15,635664
POINTSELF,40000000,20000000,17.57,2048912
RUNNING,40000000,20000000,6.89,635664
REVERSE,40000000,20000000,7.08,635664
POINTSELF,40000000,20000000,19.54,1886192
RUNNING,40000000,20000000,7.80,635656
REVERSE,40000000,20000000,8.43,635664
POINTSELF,40000000,20000000,21.46,1684192
RUNNING,40000000,24000000,6.70,635656
REVERSE,40000000,24000000,7.09,635660
POINTSELF,40000000,24000000,18.61,2056984
RUNNING,40000000,24000000,8.25,635660
REVERSE,40000000,24000000,7.28,635676
POINTSELF,40000000,24000000,21.16,1971008
RUNNING,40000000,24000000,7.01,635668
REVERSE,40000000,24000000,7.26,635664
POINTSELF,40000000,24000000,18.16,1786968
RUNNING,40000000,24000000,7.24,635664
REVERSE,40000000,24000000,7.69,635664
POINTSELF,40000000,24000000,21.13,1797364
RUNNING,40000000,24000000,7.55,635656
REVERSE,40000000,24000000,7.30,635664
POINTSELF,40000000,24000000,17.57,2056980
RUNNING,40000000,28000000,6.89,635668
REVERSE,40000000,28000000,7.28,635668
POINTSELF,40000000,28000000,19.01,2056984
RUNNING,40000000,28000000,7.18,635668
REVERSE,40000000,28000000,7.88,635668
POINTSELF,40000000,28000000,19.47,2053296
RUNNING,40000000,28000000,7.78,635660
REVERSE,40000000,28000000,7.15,635664
POINTSELF,40000000,28000000,18.16,2056984
RUNNING,40000000,28000000,7.25,635680
REVERSE,40000000,28000000,7.70,635668
POINTSELF,40000000,28000000,17.93,2056980
RUNNING,40000000,28000000,6.74,635664
REVERSE,40000000,28000000,7.11,635676
POINTSELF,40000000,28000000,17.12,2056980
RUNNING,40000000,32000000,6.81,635656
REVERSE,40000000,32000000,7.06,635664
POINTSELF,40000000,32000000,17.27,2056996
RUNNING,40000000,32000000,6.79,635660
REVERSE,40000000,32000000,7.00,635668
POINTSELF,40000000,32000000,17.49,2056988
RUNNING,40000000,32000000,6.70,635664
REVERSE,40000000,32000000,6.96,635656
POINTSELF,40000000,32000000,17.07,2056992
RUNNING,40000000,32000000,6.80,635664
REVERSE,40000000,32000000,6.94,635664
POINTSELF,40000000,32000000,17.20,2056980
RUNNING,40000000,32000000,6.82,635660
REVERSE,40000000,32000000,6.96,635660
POINTSELF,40000000,32000000,17.17,2056984
RUNNING,40000000,36000000,6.73,635660
REVERSE,40000000,36000000,7.01,635660
POINTSELF,40000000,36000000,17.60,1983536
RUNNING,40000000,36000000,6.89,635664
REVERSE,40000000,36000000,6.80,635656
POINTSELF,40000000,36000000,21.63,1665044
RUNNING,40000000,36000000,6.99,635672
REVERSE,40000000,36000000,6.96,635668
POINTSELF,40000000,36000000,17.51,1812480
RUNNING,40000000,36000000,6.70,635668
REVERSE,40000000,36000000,6.98,635664
POINTSELF,40000000,36000000,19.10,1790504
RUNNING,40000000,36000000,6.88,635660
REVERSE,40000000,36000000,7.52,635668
POINTSELF,40000000,36000000,21.32,1472924
RUNNING,40000000,40000000,8.08,635664
REVERSE,40000000,40000000,8.61,635668
POINTSELF,40000000,40000000,21.30,1711200
RUNNING,40000000,40000000,7.51,635656
REVERSE,40000000,40000000,7.72,635648
POINTSELF,40000000,40000000,19.94,1670440
RUNNING,40000000,40000000,7.77,635668
REVERSE,40000000,40000000,8.04,635656
POINTSELF,40000000,40000000,20.40,1794048
RUNNING,40000000,40000000,7.86,635656
REVERSE,40000000,40000000,8.27,635660
POINTSELF,40000000,40000000,19.81,1930544
RUNNING,40000000,40000000,8.11,635660
REVERSE,40000000,40000000,8.48,635664
POINTSELF,40000000,40000000,19.88,1862492
RUNNING,50000000,0,8.29,794376
REVERSE,50000000,0,8.54,794368
POINTSELF,50000000,0,23.15,2119176
RUNNING,50000000,0,10.00,794364
REVERSE,50000000,0,10.70,794376
POINTSELF,50000000,0,26.29,2145056
RUNNING,50000000,0,8.35,794380
REVERSE,50000000,0,8.64,794364
POINTSELF,50000000,0,22.82,2336176
RUNNING,50000000,0,10.37,794376
REVERSE,50000000,0,8.57,794372
POINTSELF,50000000,0,23.49,2026324
RUNNING,50000000,0,8.73,794372
REVERSE,50000000,0,9.25,794376
POINTSELF,50000000,0,22.59,2099732
RUNNING,50000000,5000000,8.34,794368
REVERSE,50000000,5000000,9.01,794372
POINTSELF,50000000,5000000,23.13,2374408
RUNNING,50000000,5000000,9.49,794372
REVERSE,50000000,5000000,9.63,794380
POINTSELF,50000000,5000000,26.88,1885644
RUNNING,50000000,5000000,9.20,794372
REVERSE,50000000,5000000,9.75,794372
POINTSELF,50000000,5000000,26.29,2117920
RUNNING,50000000,5000000,10.50,794368
REVERSE,50000000,5000000,11.62,794368
POINTSELF,50000000,5000000,24.38,2010192
RUNNING,50000000,5000000,8.47,794376
REVERSE,50000000,5000000,9.15,794372
POINTSELF,50000000,5000000,23.17,2374404
RUNNING,50000000,10000000,9.06,794376
REVERSE,50000000,10000000,9.31,794372
POINTSELF,50000000,10000000,21.96,2131156
RUNNING,50000000,10000000,8.47,794368
REVERSE,50000000,10000000,9.16,794364
POINTSELF,50000000,10000000,21.93,2276192
RUNNING,50000000,10000000,8.27,794380
REVERSE,50000000,10000000,9.33,794376
POINTSELF,50000000,10000000,21.91,2202896
RUNNING,50000000,10000000,8.50,794376
REVERSE,50000000,10000000,9.65,794368
POINTSELF,50000000,10000000,22.11,2245844
RUNNING,50000000,10000000,8.48,794376
REVERSE,50000000,10000000,9.04,794364
POINTSELF,50000000,10000000,22.13,2258020
RUNNING,50000000,15000000,9.05,794364
REVERSE,50000000,15000000,9.39,794380
POINTSELF,50000000,15000000,22.29,2230236
RUNNING,50000000,15000000,8.60,794372
REVERSE,50000000,15000000,9.25,794372
POINTSELF,50000000,15000000,21.98,2237868
RUNNING,50000000,15000000,8.83,794364
REVERSE,50000000,15000000,9.53,794372
POINTSELF,50000000,15000000,23.20,2374404
RUNNING,50000000,15000000,8.65,794368
REVERSE,50000000,15000000,9.04,794380
POINTSELF,50000000,15000000,22.08,2211960
RUNNING,50000000,15000000,8.58,794380
REVERSE,50000000,15000000,9.16,794372
POINTSELF,50000000,15000000,22.26,2268024
RUNNING,50000000,20000000,8.57,794372
REVERSE,50000000,20000000,9.21,794368
POINTSELF,50000000,20000000,22.14,2222928
RUNNING,50000000,20000000,8.63,794384
REVERSE,50000000,20000000,9.56,794380
POINTSELF,50000000,20000000,22.28,2244556
RUNNING,50000000,20000000,8.67,794392
REVERSE,50000000,20000000,9.18,794376
POINTSELF,50000000,20000000,21.79,2240720
RUNNING,50000000,20000000,8.55,794372
REVERSE,50000000,20000000,9.07,794376
POINTSELF,50000000,20000000,21.89,2272672
RUNNING,50000000,20000000,8.51,794364
REVERSE,50000000,20000000,9.07,794372
POINTSELF,50000000,20000000,23.12,2279240
RUNNING,50000000,25000000,10.45,794380
REVERSE,50000000,25000000,9.72,794376
POINTSELF,50000000,25000000,29.64,1815536
RUNNING,50000000,25000000,10.34,794368
REVERSE,50000000,25000000,12.46,794368
POINTSELF,50000000,25000000,26.61,1725124
RUNNING,50000000,25000000,11.24,794372
REVERSE,50000000,25000000,10.53,794384
POINTSELF,50000000,25000000,27.43,1847108
RUNNING,50000000,25000000,8.76,794364
REVERSE,50000000,25000000,10.78,794368
POINTSELF,50000000,25000000,30.22,1880104
RUNNING,50000000,25000000,10.74,794372
REVERSE,50000000,25000000,10.44,794380
POINTSELF,50000000,25000000,32.41,1649832
RUNNING,50000000,30000000,9.93,794372
REVERSE,50000000,30000000,9.22,794368
POINTSELF,50000000,30000000,23.46,1683416
RUNNING,50000000,30000000,9.00,794372
REVERSE,50000000,30000000,9.53,794376
POINTSELF,50000000,30000000,22.91,1876868
RUNNING,50000000,30000000,8.66,794380
REVERSE,50000000,30000000,9.61,794376
POINTSELF,50000000,30000000,25.61,1981192
RUNNING,50000000,30000000,9.93,794380
REVERSE,50000000,30000000,10.43,794376
POINTSELF,50000000,30000000,22.69,1714520
RUNNING,50000000,30000000,8.36,794372
REVERSE,50000000,30000000,9.23,794368
POINTSELF,50000000,30000000,22.54,2054860
RUNNING,50000000,35000000,10.25,794368
REVERSE,50000000,35000000,9.85,794376
POINTSELF,50000000,35000000,29.13,1618584
RUNNING,50000000,35000000,8.78,794376
REVERSE,50000000,35000000,10.17,794376
POINTSELF,50000000,35000000,24.86,2049684
RUNNING,50000000,35000000,9.80,794368
REVERSE,50000000,35000000,10.60,794376
POINTSELF,50000000,35000000,29.84,1981196
RUNNING,50000000,35000000,10.58,794376
REVERSE,50000000,35000000,10.24,794376
POINTSELF,50000000,35000000,27.97,1941860
RUNNING,50000000,35000000,12.38,794372
REVERSE,50000000,35000000,11.69,794368
POINTSELF,50000000,35000000,28.07,1906180
RUNNING,50000000,40000000,11.53,794376
REVERSE,50000000,40000000,14.29,794368
POINTSELF,50000000,40000000,29.49,1557636
RUNNING,50000000,40000000,8.97,794368
REVERSE,50000000,40000000,9.81,794376
POINTSELF,50000000,40000000,25.56,2132608
RUNNING,50000000,40000000,10.29,794372
REVERSE,50000000,40000000,10.03,794376
POINTSELF,50000000,40000000,24.43,2000804
RUNNING,50000000,40000000,10.09,794376
REVERSE,50000000,40000000,13.58,794368
POINTSELF,50000000,40000000,30.65,2097700
RUNNING,50000000,40000000,12.09,794380
REVERSE,50000000,40000000,12.00,794380
POINTSELF,50000000,40000000,25.85,1941432
RUNNING,50000000,45000000,9.62,794380
REVERSE,50000000,45000000,9.24,794368
POINTSELF,50000000,45000000,25.61,2158436
RUNNING,50000000,45000000,11.98,794368
REVERSE,50000000,45000000,9.87,794372
POINTSELF,50000000,45000000,26.89,1997984
RUNNING,50000000,45000000,11.81,794376
REVERSE,50000000,45000000,9.03,794376
POINTSELF,50000000,45000000,30.06,1804360
RUNNING,50000000,45000000,8.82,794376
REVERSE,50000000,45000000,8.83,794372
POINTSELF,50000000,45000000,22.82,1927384
RUNNING,50000000,45000000,8.95,794368
REVERSE,50000000,45000000,8.62,794388
POINTSELF,50000000,45000000,21.96,2002472
RUNNING,50000000,50000000,8.51,794368
REVERSE,50000000,50000000,8.49,794368
POINTSELF,50000000,50000000,23.70,2033736
RUNNING,50000000,50000000,9.37,794364
REVERSE,50000000,50000000,9.23,794384
POINTSELF,50000000,50000000,26.61,2071140
RUNNING,50000000,50000000,10.38,794372
REVERSE,50000000,50000000,9.56,794372
POINTSELF,50000000,50000000,28.96,1896756
RUNNING,50000000,50000000,10.02,794376
REVERSE,50000000,50000000,8.88,794380
POINTSELF,50000000,50000000,24.35,1899612
RUNNING,50000000,50000000,11.33,794376
REVERSE,50000000,50000000,9.28,794376
POINTSELF,50000000,50000000,25.73,1981196
